Column1,futureYear,Month,DATE,Year,Day,TAVG,DoY,futureTAVG,NormalMMAX,futureTMAX,futureDeltaMAX,futureDeltaDuration,futureDeltaFrequency,futureDeltaPeak,frequencyBanned,futureHeatwave,Time,HeatWaveAdditional
1,2037,1,2003-01-01,2003,1,24.3142857142857,01-01,25.3142857142857,26.6484324324324,27.13,0.48156756756757,14,93,2.178936,0,27.4932217142857,1,2.178936
2,2037,1,2003-01-02,2003,2,24.925,01-02,25.925,26.6484324324324,28.73,2.08156756756757,14,93,2.178936,0,28.103936,2,2.178936
3,2037,1,2003-01-03,2003,3,24.4285714285714,01-03,25.4285714285714,26.6484324324324,27.53,0.881567567567568,14,93,2.178936,0,27.6075074285714,3,2.178936
4,2037,1,2003-01-04,2003,4,24.1625,01-04,25.1625,26.6484324324324,26.73,0.0815675675675678,14,93,2.178936,0,25.1625,4,0.0
5,2037,1,2003-01-05,2003,5,25.3,01-05,26.3,26.6484324324324,28.73,2.08156756756757,14,93,2.178936,0,28.478936,5,2.178936
6,2037,1,2003-01-06,2003,6,25.05,01-06,26.05,26.6484324324324,29.23,2.58156756756757,14,93,2.178936,0,28.228936,6,2.178936
7,2037,1,2003-01-07,2003,7,24.3625,01-07,25.3625,26.6484324324324,33.13,6.48156756756757,14,93,2.178936,0,27.541436,7,2.178936
8,2037,1,2003-01-08,2003,8,22.7625,01-08,23.7625,26.6484324324324,26.03,-0.618432432432432,14,93,2.178936,0,23.7625,8,0.0
9,2037,1,2003-01-09,2003,9,23.225,01-09,24.225,26.6484324324324,27.53,0.881567567567568,14,93,2.178936,0,26.403936,9,2.178936
10,2037,1,2003-01-10,2003,10,22.55,01-10,23.55,26.6484324324324,25.83,-0.818432432432431,14,93,2.178936,0,25.728936,10,2.178936
11,2037,1,2003-01-11,2003,11,22.5,01-11,23.5,26.6484324324324,26.33,-0.318432432432431,14,93,2.178936,0,25.678936,11,2.178936
12,2037,1,2003-01-12,2003,12,22.5625,01-12,23.5625,26.6484324324324,25.83,-0.818432432432431,14,93,2.178936,0,23.5625,12,0.0
13,2037,1,2003-01-13,2003,13,22.5625,01-13,23.5625,26.6484324324324,25.83,-0.818432432432431,14,93,2.178936,0,23.5625,13,0.0
14,2037,1,2003-01-14,2003,14,24.825,01-14,25.825,26.6484324324324,27.93,1.28156756756757,14,93,2.178936,0,25.825,14,0.0
15,2037,1,2003-01-15,2003,15,24.35,01-15,25.35,26.6484324324324,27.93,1.28156756756757,14,93,2.178936,0,25.35,15,0.0
16,2037,1,2003-01-16,2003,16,25.475,01-16,26.475,26.6484324324324,32.33,5.68156756756757,14,93,2.178936,0,26.475,16,0.0
17,2037,1,2003-01-17,2003,17,24.625,01-17,25.625,26.6484324324324,27.63,0.98156756756757,14,93,2.178936,0,25.625,17,0.0
18,2037,1,2003-01-18,2003,18,23.8,01-18,24.8,26.6484324324324,26.53,-0.118432432432432,14,93,2.178936,0,24.8,18,0.0
19,2037,1,2003-01-19,2003,19,23.2125,01-19,24.2125,26.6484324324324,27.33,0.681567567567569,14,93,2.178936,0,24.2125,19,0.0
20,2037,1,2003-01-20,2003,20,22.3857142857143,01-20,23.3857142857143,26.6484324324324,26.73,0.0815675675675678,14,93,2.178936,0,23.3857142857143,20,0.0
21,2037,1,2003-01-21,2003,21,23.0125,01-21,24.0125,26.6484324324324,27.23,0.581567567567568,14,93,2.178936,0,24.0125,21,0.0
22,2037,1,2003-01-22,2003,22,23.5714285714286,01-22,24.5714285714286,26.6484324324324,27.23,0.581567567567568,14,93,2.178936,0,24.5714285714286,22,0.0
23,2037,1,2003-01-23,2003,23,23.9625,01-23,24.9625,26.6484324324324,27.63,0.98156756756757,14,93,2.178936,0,24.9625,23,0.0
24,2037,1,2003-01-24,2003,24,24.1125,01-24,25.1125,26.6484324324324,27.93,1.28156756756757,14,93,2.178936,0,25.1125,24,0.0
25,2037,1,2003-01-25,2003,25,24.375,01-25,25.375,26.6484324324324,29.13,2.48156756756757,14,93,2.178936,0,25.375,25,0.0
26,2037,1,2003-01-26,2003,26,23.7125,01-26,24.7125,26.6484324324324,28.13,1.48156756756757,14,93,2.178936,0,24.7125,26,0.0
27,2037,1,2003-01-27,2003,27,24.575,01-27,25.575,26.6484324324324,27.73,1.08156756756757,14,93,2.178936,0,25.575,27,0.0
28,2037,1,2003-01-28,2003,28,24.7571428571429,01-28,25.7571428571429,26.6484324324324,27.03,0.381567567567568,14,93,2.178936,0,25.7571428571429,28,0.0
29,2037,1,2003-01-29,2003,29,24.4875,01-29,25.4875,26.6484324324324,27.33,0.681567567567569,14,93,2.178936,0,27.666436,29,2.178936
30,2037,1,2003-01-30,2003,30,24.3857142857143,01-30,25.3857142857143,26.6484324324324,27.23,0.581567567567568,14,93,2.178936,0,27.5646502857143,30,2.178936
31,2037,1,2003-01-31,2003,31,24.625,01-31,25.625,26.6484324324324,28.33,1.68156756756757,14,93,2.178936,0,27.803936,31,2.178936
32,2037,2,2003-02-01,2003,1,24.65,02-01,25.53,27.4143369175627,28.7,1.28566308243727,14,93,2.178936,0,25.53,32,0.0
33,2037,2,2003-02-02,2003,2,24.4714285714286,02-02,25.3514285714286,27.4143369175627,27.9,0.485663082437274,14,93,2.178936,0,25.3514285714286,33,0.0
34,2037,2,2003-02-03,2003,3,24.6375,02-03,25.5175,27.4143369175627,27.5,0.0856630824372751,14,93,2.178936,0,25.5175,34,0.0
35,2037,2,2003-02-04,2003,4,24.4857142857143,02-04,25.3657142857143,27.4143369175627,26.7,-0.714336917562726,14,93,2.178936,0,27.5446502857143,35,2.178936
36,2037,2,2003-02-05,2003,5,24.15,02-05,25.03,27.4143369175627,26.3,-1.11433691756272,14,93,2.178936,0,27.208936,36,2.178936
37,2037,2,2003-02-06,2003,6,23.1,02-06,23.98,27.4143369175627,25.8,-1.61433691756272,14,93,2.178936,0,26.158936,37,2.178936
38,2037,2,2003-02-07,2003,7,23.7,02-07,24.58,27.4143369175627,27.1,-0.314336917562724,14,93,2.178936,0,24.58,38,0.0
39,2037,2,2003-02-08,2003,8,24.55,02-08,25.43,27.4143369175627,27.3,-0.114336917562724,14,93,2.178936,0,25.43,39,0.0
40,2037,2,2003-02-09,2003,9,25.55,02-09,26.43,27.4143369175627,29.4,1.98566308243727,14,93,2.178936,0,26.43,40,0.0
41,2037,2,2003-02-10,2003,10,25.4125,02-10,26.2925,27.4143369175627,28.6,1.18566308243728,14,93,2.178936,0,26.2925,41,0.0
42,2037,2,2003-02-11,2003,11,25.9125,02-11,26.7925,27.4143369175627,28.9,1.48566308243727,14,93,2.178936,0,26.7925,42,0.0
43,2037,2,2003-02-12,2003,12,26.05,02-12,26.93,27.4143369175627,29.0,1.58566308243728,14,93,2.178936,0,26.93,43,0.0
44,2037,2,2003-02-13,2003,13,25.775,02-13,26.655,27.4143369175627,27.4,-0.0143369175627264,14,93,2.178936,0,26.655,44,0.0
45,2037,2,2003-02-14,2003,14,25.9285714285714,02-14,26.8085714285714,27.4143369175627,28.7,1.28566308243727,14,93,2.178936,0,26.8085714285714,45,0.0
46,2037,2,2003-02-15,2003,15,25.175,02-15,26.055,27.4143369175627,28.6,1.18566308243728,14,93,2.178936,0,26.055,46,0.0
47,2037,2,2003-02-16,2003,16,25.6875,02-16,26.5675,27.4143369175627,29.4,1.98566308243727,14,93,2.178936,0,26.5675,47,0.0
48,2037,2,2003-02-17,2003,17,26.0285714285714,02-17,26.9085714285714,27.4143369175627,29.6,2.18566308243728,14,93,2.178936,0,26.9085714285714,48,0.0
49,2037,2,2003-02-18,2003,18,25.9,02-18,26.78,27.4143369175627,29.2,1.78566308243727,14,93,2.178936,0,26.78,49,0.0
50,2037,2,2003-02-19,2003,19,25.025,02-19,25.905,27.4143369175627,28.3,0.885663082437276,14,93,2.178936,0,25.905,50,0.0
51,2037,2,2003-02-20,2003,20,25.025,02-20,25.905,27.4143369175627,28.4,0.985663082437274,14,93,2.178936,0,25.905,51,0.0
52,2037,2,2003-02-21,2003,21,25.0666666666667,02-21,25.9466666666667,27.4143369175627,28.1,0.685663082437276,14,93,2.178936,0,25.9466666666667,52,0.0
53,2037,2,2003-02-22,2003,22,25.3,02-22,26.18,27.4143369175627,29.2,1.78566308243727,14,93,2.178936,0,26.18,53,0.0
54,2037,2,2003-02-23,2003,23,25.42,02-23,26.3,27.4143369175627,29.0,1.58566308243728,14,93,2.178936,0,26.3,54,0.0
55,2037,2,2003-02-24,2003,24,25.725,02-24,26.605,27.4143369175627,29.0,1.58566308243728,14,93,2.178936,0,26.605,55,0.0
56,2037,2,2003-02-25,2003,25,25.725,02-25,26.605,27.4143369175627,29.0,1.58566308243728,14,93,2.178936,0,26.605,56,0.0
57,2037,2,2003-02-26,2003,26,25.725,02-26,26.605,27.4143369175627,29.1,1.68566308243728,14,93,2.178936,0,26.605,57,0.0
58,2037,2,2003-02-27,2003,27,25.575,02-27,26.455,27.4143369175627,28.7,1.28566308243727,14,93,2.178936,0,26.455,58,0.0
59,2037,2,2003-02-28,2003,28,25.5125,02-28,26.3925,27.4143369175627,28.5,1.08566308243728,14,93,2.178936,0,26.3925,59,0.0
60,2037,3,2003-03-01,2003,1,25.75,03-01,26.68,28.8554476806904,29.34,0.484552319309604,14,93,2.178936,0,26.68,60,0.0
61,2037,3,2003-03-02,2003,2,26.5,03-02,27.43,28.8554476806904,30.14,1.2845523193096,14,93,2.178936,0,27.43,61,0.0
62,2037,3,2003-03-03,2003,3,26.2875,03-03,27.2175,28.8554476806904,29.74,0.884552319309602,14,93,2.178936,0,27.2175,62,0.0
63,2037,3,2003-03-04,2003,4,27.3125,03-04,28.2425,28.8554476806904,31.64,2.7845523193096,14,93,2.178936,0,28.2425,63,0.0
64,2037,3,2003-03-05,2003,5,27.625,03-05,28.555,28.8554476806904,30.84,1.9845523193096,14,93,2.178936,0,28.555,64,0.0
65,2037,3,2003-03-06,2003,6,27.7625,03-06,28.6925,28.8554476806904,31.34,2.4845523193096,14,93,2.178936,0,28.6925,65,0.0
66,2037,3,2003-03-07,2003,7,26.9571428571429,03-07,27.8871428571429,28.8554476806904,29.54,0.684552319309603,14,93,2.178936,0,27.8871428571429,66,0.0
67,2037,3,2003-03-08,2003,8,26.75,03-08,27.68,28.8554476806904,30.34,1.4845523193096,14,93,2.178936,0,27.68,67,0.0
68,2037,3,2003-03-09,2003,9,26.4375,03-09,27.3675,28.8554476806904,29.24,0.384552319309602,14,93,2.178936,0,27.3675,68,0.0
69,2037,3,2003-03-10,2003,10,26.5,03-10,27.43,28.8554476806904,29.24,0.384552319309602,14,93,2.178936,0,27.43,69,0.0
70,2037,3,2003-03-11,2003,11,26.2285714285714,03-11,27.1585714285714,28.8554476806904,28.64,-0.215447680690396,14,93,2.178936,0,27.1585714285714,70,0.0
71,2037,3,2003-03-12,2003,12,25.35,03-12,26.28,28.8554476806904,27.84,-1.0154476806904,14,93,2.178936,0,26.28,71,0.0
72,2037,3,2003-03-13,2003,13,25.925,03-13,26.855,28.8554476806904,28.84,-0.0154476806903965,14,93,2.178936,0,26.855,72,0.0
73,2037,3,2003-03-14,2003,14,24.3,03-14,25.23,28.8554476806904,27.94,-0.915447680690399,14,93,2.178936,0,25.23,73,0.0
74,2037,3,2003-03-15,2003,15,25.65,03-15,26.58,28.8554476806904,29.54,0.684552319309603,14,93,2.178936,0,26.58,74,0.0
75,2037,3,2003-03-16,2003,16,26.125,03-16,27.055,28.8554476806904,30.74,1.8845523193096,14,93,2.178936,0,27.055,75,0.0
76,2037,3,2003-03-17,2003,17,26.5,03-17,27.43,28.8554476806904,31.24,2.3845523193096,14,93,2.178936,0,27.43,76,0.0
77,2037,3,2003-03-18,2003,18,26.7,03-18,27.63,28.8554476806904,30.44,1.5845523193096,14,93,2.178936,0,27.63,77,0.0
78,2037,3,2003-03-19,2003,19,26.9625,03-19,27.8925,28.8554476806904,30.14,1.2845523193096,14,93,2.178936,0,27.8925,78,0.0
79,2037,3,2003-03-20,2003,20,26.3142857142857,03-20,27.2442857142857,28.8554476806904,29.24,0.384552319309602,14,93,2.178936,0,27.2442857142857,79,0.0
80,2037,3,2003-03-21,2003,21,27.2166666666667,03-21,28.1466666666667,28.8554476806904,30.74,1.8845523193096,14,93,2.178936,0,28.1466666666667,80,0.0
81,2037,3,2003-03-22,2003,22,26.2875,03-22,27.2175,28.8554476806904,29.14,0.284552319309604,14,93,2.178936,0,27.2175,81,0.0
82,2037,3,2003-03-23,2003,23,27.05,03-23,27.98,28.8554476806904,30.14,1.2845523193096,14,93,2.178936,0,27.98,82,0.0
83,2037,3,2003-03-24,2003,24,26.925,03-24,27.855,28.8554476806904,29.54,0.684552319309603,14,93,2.178936,0,30.033936,83,2.178936
84,2037,3,2003-03-25,2003,25,26.45,03-25,27.38,28.8554476806904,29.14,0.284552319309604,14,93,2.178936,0,29.558936,84,2.178936
85,2037,3,2003-03-26,2003,26,26.7875,03-26,27.7175,28.8554476806904,29.84,0.984552319309604,14,93,2.178936,0,29.896436,85,2.178936
86,2037,3,2003-03-27,2003,27,26.6125,03-27,27.5425,28.8554476806904,29.94,1.0845523193096,14,93,2.178936,0,27.5425,86,0.0
87,2037,3,2003-03-28,2003,28,26.2125,03-28,27.1425,28.8554476806904,29.44,0.584552319309601,14,93,2.178936,0,27.1425,87,0.0
88,2037,3,2003-03-29,2003,29,26.4625,03-29,27.3925,28.8554476806904,29.74,0.884552319309602,14,93,2.178936,0,27.3925,88,0.0
89,2037,3,2003-03-30,2003,30,27.4125,03-30,28.3425,28.8554476806904,31.44,2.5845523193096,14,93,2.178936,0,28.3425,89,0.0
90,2037,3,2003-03-31,2003,31,27.4625,03-31,28.3925,28.8554476806904,31.54,2.6845523193096,14,93,2.178936,0,28.3925,90,0.0
91,2037,4,2003-04-01,2003,1,27.0833333333333,04-01,28.1033333333333,30.4919642857143,31.01,0.518035714285716,14,93,2.178936,0,30.2822693333333,91,2.178936
92,2037,4,2003-04-02,2003,2,27.7,04-02,28.72,30.4919642857143,31.31,0.818035714285717,14,93,2.178936,0,30.898936,92,2.178936
93,2037,4,2003-04-03,2003,3,27.975,04-03,28.995,30.4919642857143,32.61,2.11803571428571,14,93,2.178936,0,31.173936,93,2.178936
94,2037,4,2003-04-04,2003,4,27.5428571428571,04-04,28.5628571428571,30.4919642857143,31.41,0.918035714285715,14,93,2.178936,0,28.5628571428571,94,0.0
95,2037,4,2003-04-05,2003,5,27.8285714285714,04-05,28.8485714285714,30.4919642857143,30.91,0.418035714285715,14,93,2.178936,0,28.8485714285714,95,0.0
96,2037,4,2003-04-06,2003,6,27.1,04-06,28.12,30.4919642857143,30.91,0.418035714285715,14,93,2.178936,0,28.12,96,0.0
97,2037,4,2003-04-07,2003,7,26.975,04-07,27.995,30.4919642857143,30.31,-0.181964285714283,14,93,2.178936,0,27.995,97,0.0
98,2037,4,2003-04-08,2003,8,27.2375,04-08,28.2575,30.4919642857143,31.41,0.918035714285715,14,93,2.178936,0,28.2575,98,0.0
99,2037,4,2003-04-09,2003,9,27.4285714285714,04-09,28.4485714285714,30.4919642857143,31.51,1.01803571428572,14,93,2.178936,0,28.4485714285714,99,0.0
100,2037,4,2003-04-10,2003,10,26.95,04-10,27.97,30.4919642857143,31.21,0.718035714285715,14,93,2.178936,0,27.97,100,0.0
101,2037,4,2003-04-11,2003,11,27.375,04-11,28.395,30.4919642857143,31.51,1.01803571428572,14,93,2.178936,0,28.395,101,0.0
102,2037,4,2003-04-12,2003,12,27.6142857142857,04-12,28.6342857142857,30.4919642857143,31.41,0.918035714285715,14,93,2.178936,0,28.6342857142857,102,0.0
103,2037,4,2003-04-13,2003,13,27.0857142857143,04-13,28.1057142857143,30.4919642857143,30.41,-0.0819642857142853,14,93,2.178936,0,28.1057142857143,103,0.0
104,2037,4,2003-04-14,2003,14,27.5,04-14,28.52,30.4919642857143,31.61,1.11803571428572,14,93,2.178936,0,28.52,104,0.0
105,2037,4,2003-04-15,2003,15,26.5875,04-15,27.6075,30.4919642857143,30.21,-0.281964285714285,14,93,2.178936,0,27.6075,105,0.0
106,2037,4,2003-04-16,2003,16,27.075,04-16,28.095,30.4919642857143,30.31,-0.181964285714283,14,93,2.178936,0,30.273936,106,2.178936
107,2037,4,2003-04-17,2003,17,27.5,04-17,28.52,30.4919642857143,31.01,0.518035714285716,14,93,2.178936,0,30.698936,107,2.178936
108,2037,4,2003-04-18,2003,18,27.9428571428571,04-18,28.9628571428571,30.4919642857143,32.61,2.11803571428571,14,93,2.178936,0,31.1417931428571,108,2.178936
109,2037,4,2003-04-19,2003,19,28.0,04-19,29.02,30.4919642857143,32.51,2.01803571428571,14,93,2.178936,0,29.02,109,0.0
110,2037,4,2003-04-20,2003,20,28.325,04-20,29.345,30.4919642857143,31.91,1.41803571428571,14,93,2.178936,0,31.523936,110,2.178936
111,2037,4,2003-04-21,2003,21,28.425,04-21,29.445,30.4919642857143,31.71,1.21803571428572,14,93,2.178936,0,31.623936,111,2.178936
112,2037,4,2003-04-22,2003,22,27.7625,04-22,28.7825,30.4919642857143,31.21,0.718035714285715,14,93,2.178936,0,30.961436,112,2.178936
113,2037,4,2003-04-23,2003,23,28.3,04-23,29.32,30.4919642857143,32.01,1.51803571428571,14,93,2.178936,0,29.32,113,0.0
114,2037,4,2003-04-24,2003,24,29.0125,04-24,30.0325,30.4919642857143,32.61,2.11803571428571,14,93,2.178936,0,30.0325,114,0.0
115,2037,4,2003-04-25,2003,25,28.7,04-25,29.72,30.4919642857143,32.31,1.81803571428572,14,93,2.178936,0,29.72,115,0.0
116,2037,4,2003-04-26,2003,26,29.05,04-26,30.07,30.4919642857143,32.71,2.21803571428572,14,93,2.178936,0,30.07,116,0.0
117,2037,4,2003-04-27,2003,27,29.0375,04-27,30.0575,30.4919642857143,32.61,2.11803571428571,14,93,2.178936,0,30.0575,117,0.0
118,2037,4,2003-04-28,2003,28,29.05,04-28,30.07,30.4919642857143,32.51,2.01803571428571,14,93,2.178936,0,30.07,118,0.0
119,2037,4,2003-04-29,2003,29,28.85,04-29,29.87,30.4919642857143,32.01,1.51803571428571,14,93,2.178936,0,29.87,119,0.0
120,2037,4,2003-04-30,2003,30,28.1285714285714,04-30,29.1485714285714,30.4919642857143,30.01,-0.481964285714284,14,93,2.178936,0,29.1485714285714,120,0.0
121,2037,5,2003-05-01,2003,1,27.8625,05-01,28.9725,31.7309267241379,30.3,-1.43092672413793,14,93,2.178936,0,28.9725,121,0.0
122,2037,5,2003-05-02,2003,2,28.7,05-02,29.81,31.7309267241379,31.4,-0.330926724137932,14,93,2.178936,0,29.81,122,0.0
123,2037,5,2003-05-03,2003,3,27.9375,05-03,29.0475,31.7309267241379,32.5,0.769073275862066,14,93,2.178936,0,29.0475,123,0.0
124,2037,5,2003-05-04,2003,4,27.0375,05-04,28.1475,31.7309267241379,32.5,0.769073275862066,14,93,2.178936,0,28.1475,124,0.0
125,2037,5,2003-05-05,2003,5,28.925,05-05,30.035,31.7309267241379,33.0,1.26907327586207,14,93,2.178936,0,30.035,125,0.0
126,2037,5,2003-05-06,2003,6,29.075,05-06,30.185,31.7309267241379,34.1,2.36907327586207,14,93,2.178936,0,30.185,126,0.0
127,2037,5,2003-05-07,2003,7,28.6125,05-07,29.7225,31.7309267241379,33.1,1.36907327586207,14,93,2.178936,0,29.7225,127,0.0
128,2037,5,2003-05-08,2003,8,29.15,05-08,30.26,31.7309267241379,33.7,1.96907327586207,14,93,2.178936,0,30.26,128,0.0
129,2037,5,2003-05-09,2003,9,29.3,05-09,30.41,31.7309267241379,32.9,1.16907327586206,14,93,2.178936,0,30.41,129,0.0
130,2037,5,2003-05-10,2003,10,27.7,05-10,28.81,31.7309267241379,31.7,-0.030926724137931,14,93,2.178936,0,28.81,130,0.0
131,2037,5,2003-05-11,2003,11,27.325,05-11,28.435,31.7309267241379,31.8,0.0690732758620705,14,93,2.178936,0,28.435,131,0.0
132,2037,5,2003-05-12,2003,12,27.075,05-12,28.185,31.7309267241379,31.2,-0.530926724137931,14,93,2.178936,0,30.363936,132,2.178936
133,2037,5,2003-05-13,2003,13,27.8375,05-13,28.9475,31.7309267241379,31.1,-0.630926724137932,14,93,2.178936,0,31.126436,133,2.178936
134,2037,5,2003-05-14,2003,14,28.6714285714286,05-14,29.7814285714286,31.7309267241379,32.5,0.769073275862066,14,93,2.178936,0,31.9603645714286,134,2.178936
135,2037,5,2003-05-15,2003,15,29.5125,05-15,30.6225,31.7309267241379,33.6,1.86907327586207,14,93,2.178936,0,30.6225,135,0.0
136,2037,5,2003-05-16,2003,16,29.4125,05-16,30.5225,31.7309267241379,33.1,1.36907327586207,14,93,2.178936,0,30.5225,136,0.0
137,2037,5,2003-05-17,2003,17,29.7,05-17,30.81,31.7309267241379,33.1,1.36907327586207,14,93,2.178936,0,30.81,137,0.0
138,2037,5,2003-05-18,2003,18,30.1875,05-18,31.2975,31.7309267241379,37.6,5.86907327586207,14,93,2.178936,0,31.2975,138,0.0
139,2037,5,2003-05-19,2003,19,28.9875,05-19,30.0975,31.7309267241379,37.3,5.56907327586207,14,93,2.178936,0,30.0975,139,0.0
140,2037,5,2003-05-20,2003,20,26.65,05-20,27.76,31.7309267241379,32.3,0.56907327586207,14,93,2.178936,0,27.76,140,0.0
141,2037,5,2003-05-21,2003,21,28.175,05-21,29.285,31.7309267241379,33.7,1.96907327586207,14,93,2.178936,0,29.285,141,0.0
142,2037,5,2003-05-22,2003,22,27.925,05-22,29.035,31.7309267241379,31.6,-0.130926724137932,14,93,2.178936,0,29.035,142,0.0
143,2037,5,2003-05-23,2003,23,27.3428571428571,05-23,28.4528571428571,31.7309267241379,31.5,-0.23092672413793,14,93,2.178936,0,28.4528571428571,143,0.0
144,2037,5,2003-05-24,2003,24,28.1375,05-24,29.2475,31.7309267241379,33.5,1.76907327586207,14,93,2.178936,0,29.2475,144,0.0
145,2037,5,2003-05-25,2003,25,27.8714285714286,05-25,28.9814285714286,31.7309267241379,34.6,2.86907327586207,14,93,2.178936,0,28.9814285714286,145,0.0
146,2037,5,2003-05-26,2003,26,27.7875,05-26,28.8975,31.7309267241379,32.9,1.16907327586206,14,93,2.178936,0,28.8975,146,0.0
147,2037,5,2003-05-27,2003,27,29.625,05-27,30.735,31.7309267241379,33.9,2.16907327586207,14,93,2.178936,0,30.735,147,0.0
148,2037,5,2003-05-28,2003,28,28.5,05-28,29.61,31.7309267241379,33.9,2.16907327586207,14,93,2.178936,0,29.61,148,0.0
149,2037,5,2003-05-29,2003,29,29.6125,05-29,30.7225,31.7309267241379,33.8,2.06907327586207,14,93,2.178936,0,30.7225,149,0.0
150,2037,5,2003-05-30,2003,30,28.5875,05-30,29.6975,31.7309267241379,33.2,1.46907327586207,14,93,2.178936,0,29.6975,150,0.0
151,2037,5,2003-05-31,2003,31,27.675,05-31,28.785,31.7309267241379,32.0,0.269073275862066,14,93,2.178936,0,28.785,151,0.0
152,2037,6,2003-06-01,2003,1,26.875,06-01,27.845,32.0588628762542,32.52,0.461137123745821,14,93,2.178936,0,27.845,152,0.0
153,2037,6,2003-06-02,2003,2,27.4625,06-02,28.4325,32.0588628762542,31.62,-0.438862876254177,14,93,2.178936,0,28.4325,153,0.0
154,2037,6,2003-06-03,2003,3,28.4285714285714,06-03,29.3985714285714,32.0588628762542,31.92,-0.13886287625418,14,93,2.178936,0,29.3985714285714,154,0.0
155,2037,6,2003-06-04,2003,4,28.925,06-04,29.895,32.0588628762542,32.52,0.461137123745821,14,93,2.178936,0,29.895,155,0.0
156,2037,6,2003-06-05,2003,5,29.2,06-05,30.17,32.0588628762542,32.52,0.461137123745821,14,93,2.178936,0,32.348936,156,2.178936
157,2037,6,2003-06-06,2003,6,28.5875,06-06,29.5575,32.0588628762542,33.82,1.76113712374582,14,93,2.178936,0,31.736436,157,2.178936
158,2037,6,2003-06-07,2003,7,29.6875,06-07,30.6575,32.0588628762542,33.92,1.86113712374582,14,93,2.178936,0,32.836436,158,2.178936
159,2037,6,2003-06-08,2003,8,30.075,06-08,31.045,32.0588628762542,33.72,1.66113712374582,14,93,2.178936,0,33.223936,159,2.178936
160,2037,6,2003-06-09,2003,9,30.025,06-09,30.995,32.0588628762542,33.72,1.66113712374582,14,93,2.178936,0,33.173936,160,2.178936
161,2037,6,2003-06-10,2003,10,31.0285714285714,06-10,31.9985714285714,32.0588628762542,34.82,2.76113712374582,14,93,2.178936,0,34.1775074285714,161,2.178936
162,2037,6,2003-06-11,2003,11,30.8285714285714,06-11,31.7985714285714,32.0588628762542,34.52,2.46113712374582,14,93,2.178936,0,33.9775074285714,162,2.178936
163,2037,6,2003-06-12,2003,12,30.5,06-12,31.47,32.0588628762542,34.52,2.46113712374582,14,93,2.178936,0,33.648936,163,2.178936
164,2037,6,2003-06-13,2003,13,30.4875,06-13,31.4575,32.0588628762542,34.32,2.26113712374582,14,93,2.178936,0,33.636436,164,2.178936
165,2037,6,2003-06-14,2003,14,30.3375,06-14,31.3075,32.0588628762542,34.12,2.06113712374582,14,93,2.178936,0,33.486436,165,2.178936
166,2037,6,2003-06-15,2003,15,29.7571428571429,06-15,30.7271428571429,32.0588628762542,34.12,2.06113712374582,14,93,2.178936,0,32.9060788571429,166,2.178936
167,2037,6,2003-06-16,2003,16,28.8625,06-16,29.8325,32.0588628762542,33.32,1.26113712374582,14,93,2.178936,0,32.011436,167,2.178936
168,2037,6,2003-06-17,2003,17,27.875,06-17,28.845,32.0588628762542,33.82,1.76113712374582,14,93,2.178936,0,31.023936,168,2.178936
169,2037,6,2003-06-18,2003,18,28.15,06-18,29.12,32.0588628762542,33.32,1.26113712374582,14,93,2.178936,0,31.298936,169,2.178936
170,2037,6,2003-06-19,2003,19,29.425,06-19,30.395,32.0588628762542,33.92,1.86113712374582,14,93,2.178936,0,32.573936,170,2.178936
171,2037,6,2003-06-20,2003,20,29.3875,06-20,30.3575,32.0588628762542,33.02,0.961137123745821,14,93,2.178936,0,30.3575,171,0.0
172,2037,6,2003-06-21,2003,21,29.8375,06-21,30.8075,32.0588628762542,33.62,1.56113712374582,14,93,2.178936,0,30.8075,172,0.0
173,2037,6,2003-06-22,2003,22,28.9,06-22,29.87,32.0588628762542,33.72,1.66113712374582,14,93,2.178936,0,29.87,173,0.0
174,2037,6,2003-06-23,2003,23,29.275,06-23,30.245,32.0588628762542,33.12,1.06113712374582,14,93,2.178936,0,30.245,174,0.0
175,2037,6,2003-06-24,2003,24,28.1125,06-24,29.0825,32.0588628762542,32.62,0.561137123745823,14,93,2.178936,0,29.0825,175,0.0
176,2037,6,2003-06-25,2003,25,30.0,06-25,30.97,32.0588628762542,33.92,1.86113712374582,14,93,2.178936,0,30.97,176,0.0
177,2037,6,2003-06-26,2003,26,28.875,06-26,29.845,32.0588628762542,33.82,1.76113712374582,14,93,2.178936,0,29.845,177,0.0
178,2037,6,2003-06-27,2003,27,29.075,06-27,30.045,32.0588628762542,33.62,1.56113712374582,14,93,2.178936,0,30.045,178,0.0
179,2037,6,2003-06-28,2003,28,28.1375,06-28,29.1075,32.0588628762542,31.82,-0.238862876254178,14,93,2.178936,0,29.1075,179,0.0
180,2037,6,2003-06-29,2003,29,28.3428571428571,06-29,29.3128571428571,32.0588628762542,32.02,-0.0388628762541785,14,93,2.178936,0,29.3128571428571,180,0.0
181,2037,6,2003-06-30,2003,30,27.525,06-30,28.495,32.0588628762542,31.12,-0.938862876254177,14,93,2.178936,0,28.495,181,0.0
182,2037,7,2003-07-01,2003,1,28.3,07-01,29.15,31.8440732758621,32.52,0.675926724137934,14,93,2.178936,0,29.15,182,0.0
183,2037,7,2003-07-02,2003,2,27.8714285714286,07-02,28.7214285714286,31.8440732758621,31.12,-0.724073275862068,14,93,2.178936,0,28.7214285714286,183,0.0
184,2037,7,2003-07-03,2003,3,28.2375,07-03,29.0875,31.8440732758621,30.92,-0.924073275862067,14,93,2.178936,0,29.0875,184,0.0
185,2037,7,2003-07-04,2003,4,27.275,07-04,28.125,31.8440732758621,31.92,0.0759267241379327,14,93,2.178936,0,28.125,185,0.0
186,2037,7,2003-07-05,2003,5,27.8142857142857,07-05,28.6642857142857,31.8440732758621,31.02,-0.824073275862066,14,93,2.178936,0,28.6642857142857,186,0.0
187,2037,7,2003-07-06,2003,6,27.35,07-06,28.2,31.8440732758621,30.82,-1.02407327586207,14,93,2.178936,0,28.2,187,0.0
188,2037,7,2003-07-07,2003,7,28.6625,07-07,29.5125,31.8440732758621,32.82,0.975926724137931,14,93,2.178936,0,31.691436,188,2.178936
189,2037,7,2003-07-08,2003,8,29.025,07-08,29.875,31.8440732758621,32.92,1.07592672413793,14,93,2.178936,0,32.053936,189,2.178936
190,2037,7,2003-07-09,2003,9,27.9857142857143,07-09,28.8357142857143,31.8440732758621,32.32,0.475926724137931,14,93,2.178936,0,31.0146502857143,190,2.178936
191,2037,7,2003-07-10,2003,10,28.25,07-10,29.1,31.8440732758621,31.02,-0.824073275862066,14,93,2.178936,0,29.1,191,0.0
192,2037,7,2003-07-11,2003,11,28.6375,07-11,29.4875,31.8440732758621,31.72,-0.124073275862067,14,93,2.178936,0,31.666436,192,2.178936
193,2037,7,2003-07-12,2003,12,28.7,07-12,29.55,31.8440732758621,32.92,1.07592672413793,14,93,2.178936,0,31.728936,193,2.178936
194,2037,7,2003-07-13,2003,13,28.7,07-13,29.55,31.8440732758621,32.02,0.175926724137934,14,93,2.178936,0,31.728936,194,2.178936
195,2037,7,2003-07-14,2003,14,28.725,07-14,29.575,31.8440732758621,32.92,1.07592672413793,14,93,2.178936,0,29.575,195,0.0
196,2037,7,2003-07-15,2003,15,28.9625,07-15,29.8125,31.8440732758621,33.32,1.47592672413793,14,93,2.178936,0,29.8125,196,0.0
197,2037,7,2003-07-16,2003,16,28.925,07-16,29.775,31.8440732758621,32.92,1.07592672413793,14,93,2.178936,0,29.775,197,0.0
198,2037,7,2003-07-17,2003,17,29.425,07-17,30.275,31.8440732758621,32.92,1.07592672413793,14,93,2.178936,0,30.275,198,0.0
199,2037,7,2003-07-18,2003,18,29.2875,07-18,30.1375,31.8440732758621,33.12,1.27592672413794,14,93,2.178936,0,32.316435999999996,199,2.178936
200,2037,7,2003-07-19,2003,19,30.4375,07-19,31.2875,31.8440732758621,34.82,2.97592672413793,14,93,2.178936,0,33.466436,200,2.178936
201,2037,7,2003-07-20,2003,20,30.1375,07-20,30.9875,31.8440732758621,33.12,1.27592672413794,14,93,2.178936,0,33.166436000000004,201,2.178936
202,2037,7,2003-07-21,2003,21,29.775,07-21,30.625,31.8440732758621,33.22,1.37592672413793,14,93,2.178936,0,30.625,202,0.0
203,2037,7,2003-07-22,2003,22,29.5,07-22,30.35,31.8440732758621,33.62,1.77592672413794,14,93,2.178936,0,30.35,203,0.0
204,2037,7,2003-07-23,2003,23,29.5625,07-23,30.4125,31.8440732758621,33.12,1.27592672413794,14,93,2.178936,0,30.4125,204,0.0
205,2037,7,2003-07-24,2003,24,28.6125,07-24,29.4625,31.8440732758621,30.82,-1.02407327586207,14,93,2.178936,0,29.4625,205,0.0
206,2037,7,2003-07-25,2003,25,28.9,07-25,29.75,31.8440732758621,31.02,-0.824073275862066,14,93,2.178936,0,29.75,206,0.0
207,2037,7,2003-07-26,2003,26,28.9142857142857,07-26,29.7642857142857,31.8440732758621,32.92,1.07592672413793,14,93,2.178936,0,29.7642857142857,207,0.0
208,2037,7,2003-07-27,2003,27,27.3375,07-27,28.1875,31.8440732758621,32.02,0.175926724137934,14,93,2.178936,0,28.1875,208,0.0
209,2037,7,2003-07-28,2003,28,26.725,07-28,27.575,31.8440732758621,31.12,-0.724073275862068,14,93,2.178936,0,27.575,209,0.0
210,2037,7,2003-07-29,2003,29,27.1857142857143,07-29,28.0357142857143,31.8440732758621,31.42,-0.424073275862067,14,93,2.178936,0,28.0357142857143,210,0.0
211,2037,7,2003-07-30,2003,30,28.3428571428571,07-30,29.1928571428571,31.8440732758621,31.72,-0.124073275862067,14,93,2.178936,0,29.1928571428571,211,0.0
212,2037,7,2003-07-31,2003,31,28.1285714285714,07-31,28.9785714285714,31.8440732758621,31.32,-0.524073275862069,14,93,2.178936,0,28.9785714285714,212,0.0
213,2037,8,2003-08-01,2003,1,28.9857142857143,08-01,29.8257142857143,31.9767491926803,33.41,1.4332508073197,14,93,2.178936,0,29.8257142857143,213,0.0
214,2037,8,2003-08-02,2003,2,29.6142857142857,08-02,30.4542857142857,31.9767491926803,33.41,1.4332508073197,14,93,2.178936,0,30.4542857142857,214,0.0
215,2037,8,2003-08-03,2003,3,29.2625,08-03,30.1025,31.9767491926803,33.11,1.1332508073197,14,93,2.178936,0,30.1025,215,0.0
216,2037,8,2003-08-04,2003,4,28.225,08-04,29.065,31.9767491926803,32.51,0.533250807319703,14,93,2.178936,0,29.065,216,0.0
217,2037,8,2003-08-05,2003,5,29.4,08-05,30.24,31.9767491926803,32.81,0.8332508073197,14,93,2.178936,0,30.24,217,0.0
218,2037,8,2003-08-06,2003,6,29.6875,08-06,30.5275,31.9767491926803,33.01,1.0332508073197,14,93,2.178936,0,30.5275,218,0.0
219,2037,8,2003-08-07,2003,7,29.6875,08-07,30.5275,31.9767491926803,32.31,0.3332508073197,14,93,2.178936,0,30.5275,219,0.0
220,2037,8,2003-08-08,2003,8,29.8375,08-08,30.6775,31.9767491926803,33.41,1.4332508073197,14,93,2.178936,0,30.6775,220,0.0
221,2037,8,2003-08-09,2003,9,30.1875,08-09,31.0275,31.9767491926803,33.71,1.7332508073197,14,93,2.178936,0,31.0275,221,0.0
222,2037,8,2003-08-10,2003,10,30.4875,08-10,31.3275,31.9767491926803,33.71,1.7332508073197,14,93,2.178936,0,31.3275,222,0.0
223,2037,8,2003-08-11,2003,11,30.525,08-11,31.365,31.9767491926803,34.41,2.4332508073197,14,93,2.178936,0,31.365,223,0.0
224,2037,8,2003-08-12,2003,12,29.8375,08-12,30.6775,31.9767491926803,34.21,2.2332508073197,14,93,2.178936,0,30.6775,224,0.0
225,2037,8,2003-08-13,2003,13,29.4714285714286,08-13,30.3114285714286,31.9767491926803,33.11,1.1332508073197,14,93,2.178936,0,30.3114285714286,225,0.0
226,2037,8,2003-08-14,2003,14,28.5571428571429,08-14,29.3971428571429,31.9767491926803,33.11,1.1332508073197,14,93,2.178936,0,29.3971428571429,226,0.0
227,2037,8,2003-08-15,2003,15,29.0285714285714,08-15,29.8685714285714,31.9767491926803,33.21,1.2332508073197,14,93,2.178936,0,29.8685714285714,227,0.0
228,2037,8,2003-08-16,2003,16,29.1125,08-16,29.9525,31.9767491926803,33.01,1.0332508073197,14,93,2.178936,0,29.9525,228,0.0
229,2037,8,2003-08-17,2003,17,29.55,08-17,30.39,31.9767491926803,34.51,2.5332508073197,14,93,2.178936,0,30.39,229,0.0
230,2037,8,2003-08-18,2003,18,27.6428571428571,08-18,28.4828571428571,31.9767491926803,32.81,0.8332508073197,14,93,2.178936,0,28.4828571428571,230,0.0
231,2037,8,2003-08-19,2003,19,28.5428571428571,08-19,29.3828571428571,31.9767491926803,32.31,0.3332508073197,14,93,2.178936,0,29.3828571428571,231,0.0
232,2037,8,2003-08-20,2003,20,28.85,08-20,29.69,31.9767491926803,33.21,1.2332508073197,14,93,2.178936,0,29.69,232,0.0
233,2037,8,2003-08-21,2003,21,28.4125,08-21,29.2525,31.9767491926803,33.61,1.6332508073197,14,93,2.178936,0,29.2525,233,0.0
234,2037,8,2003-08-22,2003,22,28.2,08-22,29.04,31.9767491926803,32.81,0.8332508073197,14,93,2.178936,0,29.04,234,0.0
235,2037,8,2003-08-23,2003,23,28.475,08-23,29.315,31.9767491926803,34.21,2.2332508073197,14,93,2.178936,0,29.315,235,0.0
236,2037,8,2003-08-24,2003,24,29.7625,08-24,30.6025,31.9767491926803,33.21,1.2332508073197,14,93,2.178936,0,30.6025,236,0.0
237,2037,8,2003-08-25,2003,25,29.0857142857143,08-25,29.9257142857143,31.9767491926803,33.21,1.2332508073197,14,93,2.178936,0,29.9257142857143,237,0.0
238,2037,8,2003-08-26,2003,26,28.95,08-26,29.79,31.9767491926803,32.51,0.533250807319703,14,93,2.178936,0,29.79,238,0.0
239,2037,8,2003-08-27,2003,27,29.2142857142857,08-27,30.0542857142857,31.9767491926803,33.01,1.0332508073197,14,93,2.178936,0,30.0542857142857,239,0.0
240,2037,8,2003-08-28,2003,28,29.7,08-28,30.54,31.9767491926803,33.31,1.3332508073197,14,93,2.178936,0,30.54,240,0.0
241,2037,8,2003-08-29,2003,29,28.8714285714286,08-29,29.7114285714286,31.9767491926803,32.01,0.0332508073197033,14,93,2.178936,0,29.7114285714286,241,0.0
242,2037,8,2003-08-30,2003,30,27.9333333333333,08-30,28.7733333333333,31.9767491926803,31.31,-0.666749192680303,14,93,2.178936,0,28.7733333333333,242,0.0
243,2037,8,2003-08-31,2003,31,29.3,08-31,30.14,31.9767491926803,33.41,1.4332508073197,14,93,2.178936,0,30.14,243,0.0
244,2037,9,2003-09-01,2003,1,29.2875,09-01,30.2075,31.2236666666667,33.28,2.05633333333333,14,93,2.178936,0,30.2075,244,0.0
245,2037,9,2003-09-02,2003,2,29.575,09-02,30.495,31.2236666666667,34.38,3.15633333333333,14,93,2.178936,0,32.673936,245,2.178936
246,2037,9,2003-09-03,2003,3,28.7375,09-03,29.6575,31.2236666666667,33.28,2.05633333333333,14,93,2.178936,0,31.836436,246,2.178936
247,2037,9,2003-09-04,2003,4,29.4125,09-04,30.3325,31.2236666666667,33.28,2.05633333333333,14,93,2.178936,0,32.511436,247,2.178936
248,2037,9,2003-09-05,2003,5,29.3875,09-05,30.3075,31.2236666666667,33.98,2.75633333333333,14,93,2.178936,0,30.3075,248,0.0
249,2037,9,2003-09-06,2003,6,28.85,09-06,29.77,31.2236666666667,33.28,2.05633333333333,14,93,2.178936,0,29.77,249,0.0
250,2037,9,2003-09-07,2003,7,28.55,09-07,29.47,31.2236666666667,32.88,1.65633333333334,14,93,2.178936,0,29.47,250,0.0
251,2037,9,2003-09-08,2003,8,28.7125,09-08,29.6325,31.2236666666667,31.78,0.556333333333335,14,93,2.178936,0,29.6325,251,0.0
252,2037,9,2003-09-09,2003,9,29.6857142857143,09-09,30.6057142857143,31.2236666666667,35.28,4.05633333333333,14,93,2.178936,0,30.6057142857143,252,0.0
253,2037,9,2003-09-10,2003,10,29.8875,09-10,30.8075,31.2236666666667,33.68,2.45633333333333,14,93,2.178936,0,30.8075,253,0.0
254,2037,9,2003-09-11,2003,11,29.1625,09-11,30.0825,31.2236666666667,31.78,0.556333333333335,14,93,2.178936,0,30.0825,254,0.0
255,2037,9,2003-09-12,2003,12,27.6142857142857,09-12,28.5342857142857,31.2236666666667,31.78,0.556333333333335,14,93,2.178936,0,30.7132217142857,255,2.178936
256,2037,9,2003-09-13,2003,13,26.8625,09-13,27.7825,31.2236666666667,30.98,-0.243666666666666,14,93,2.178936,0,29.961436,256,2.178936
257,2037,9,2003-09-14,2003,14,26.825,09-14,27.745,31.2236666666667,31.68,0.456333333333337,14,93,2.178936,0,29.923936,257,2.178936
258,2037,9,2003-09-15,2003,15,28.675,09-15,29.595,31.2236666666667,32.78,1.55633333333333,14,93,2.178936,0,29.595,258,0.0
259,2037,9,2003-09-16,2003,16,29.075,09-16,29.995,31.2236666666667,32.88,1.65633333333334,14,93,2.178936,0,29.995,259,0.0
260,2037,9,2003-09-17,2003,17,28.2125,09-17,29.1325,31.2236666666667,33.68,2.45633333333333,14,93,2.178936,0,31.311436,260,2.178936
261,2037,9,2003-09-18,2003,18,27.5625,09-18,28.4825,31.2236666666667,33.48,2.25633333333333,14,93,2.178936,0,30.661436000000002,261,2.178936
262,2037,9,2003-09-19,2003,19,27.5,09-19,28.42,31.2236666666667,33.18,1.95633333333333,14,93,2.178936,0,30.598936000000002,262,2.178936
263,2037,9,2003-09-20,2003,20,28.4428571428571,09-20,29.3628571428571,31.2236666666667,32.38,1.15633333333334,14,93,2.178936,0,29.3628571428571,263,0.0
264,2037,9,2003-09-21,2003,21,27.7857142857143,09-21,28.7057142857143,31.2236666666667,33.68,2.45633333333333,14,93,2.178936,0,30.8846502857143,264,2.178936
265,2037,9,2003-09-22,2003,22,27.625,09-22,28.545,31.2236666666667,32.38,1.15633333333334,14,93,2.178936,0,30.723936000000002,265,2.178936
266,2037,9,2003-09-23,2003,23,28.775,09-23,29.695,31.2236666666667,32.78,1.55633333333333,14,93,2.178936,0,31.873936,266,2.178936
267,2037,9,2003-09-24,2003,24,26.9,09-24,27.82,31.2236666666667,31.08,-0.143666666666665,14,93,2.178936,0,27.82,267,0.0
268,2037,9,2003-09-25,2003,25,27.15,09-25,28.07,31.2236666666667,31.08,-0.143666666666665,14,93,2.178936,0,30.248936,268,2.178936
269,2037,9,2003-09-26,2003,26,27.4625,09-26,28.3825,31.2236666666667,32.08,0.856333333333332,14,93,2.178936,0,30.561436,269,2.178936
270,2037,9,2003-09-27,2003,27,27.8625,09-27,28.7825,31.2236666666667,32.08,0.856333333333332,14,93,2.178936,0,30.961436,270,2.178936
271,2037,9,2003-09-28,2003,28,28.5875,09-28,29.5075,31.2236666666667,32.38,1.15633333333334,14,93,2.178936,0,29.5075,271,0.0
272,2037,9,2003-09-29,2003,29,28.3375,09-29,29.2575,31.2236666666667,31.98,0.756333333333334,14,93,2.178936,0,29.2575,272,0.0
273,2037,9,2003-09-30,2003,30,28.2375,09-30,29.1575,31.2236666666667,32.38,1.15633333333334,14,93,2.178936,0,31.336436,273,2.178936
274,2037,10,2003-10-01,2003,1,28.7428571428571,10-01,29.6128571428571,29.5112068965517,32.92,3.40879310344828,14,93,2.178936,0,31.7917931428571,274,2.178936
275,2037,10,2003-10-02,2003,2,26.1428571428571,10-02,27.0128571428571,29.5112068965517,31.52,2.00879310344828,14,93,2.178936,0,29.1917931428571,275,2.178936
276,2037,10,2003-10-03,2003,3,27.475,10-03,28.345,29.5112068965517,30.92,1.40879310344828,14,93,2.178936,0,28.345,276,0.0
277,2037,10,2003-10-04,2003,4,25.7571428571429,10-04,26.6271428571429,29.5112068965517,29.22,-0.291206896551724,14,93,2.178936,0,26.6271428571429,277,0.0
278,2037,10,2003-10-05,2003,5,28.3,10-05,29.17,29.5112068965517,31.92,2.40879310344828,14,93,2.178936,0,29.17,278,0.0
279,2037,10,2003-10-06,2003,6,27.5428571428571,10-06,28.4128571428571,29.5112068965517,31.52,2.00879310344828,14,93,2.178936,0,28.4128571428571,279,0.0
280,2037,10,2003-10-07,2003,7,26.975,10-07,27.845,29.5112068965517,33.42,3.90879310344828,14,93,2.178936,0,27.845,280,0.0
281,2037,10,2003-10-08,2003,8,27.5857142857143,10-08,28.4557142857143,29.5112068965517,31.02,1.50879310344828,14,93,2.178936,0,28.4557142857143,281,0.0
282,2037,10,2003-10-09,2003,9,27.7125,10-09,28.5825,29.5112068965517,30.52,1.00879310344828,14,93,2.178936,0,28.5825,282,0.0
283,2037,10,2003-10-10,2003,10,27.7,10-10,28.57,29.5112068965517,30.72,1.20879310344828,14,93,2.178936,0,28.57,283,0.0
284,2037,10,2003-10-11,2003,11,28.175,10-11,29.045,29.5112068965517,32.02,2.50879310344828,14,93,2.178936,0,29.045,284,0.0
285,2037,10,2003-10-12,2003,12,27.8875,10-12,28.7575,29.5112068965517,32.12,2.60879310344828,14,93,2.178936,0,28.7575,285,0.0
286,2037,10,2003-10-13,2003,13,27.925,10-13,28.795,29.5112068965517,31.42,1.90879310344828,14,93,2.178936,0,28.795,286,0.0
287,2037,10,2003-10-14,2003,14,26.7125,10-14,27.5825,29.5112068965517,30.22,0.708793103448276,14,93,2.178936,0,27.5825,287,0.0
288,2037,10,2003-10-15,2003,15,26.5714285714286,10-15,27.4414285714286,29.5112068965517,30.02,0.508793103448276,14,93,2.178936,0,27.4414285714286,288,0.0
289,2037,10,2003-10-16,2003,16,26.825,10-16,27.695,29.5112068965517,30.42,0.908793103448275,14,93,2.178936,0,27.695,289,0.0
290,2037,10,2003-10-17,2003,17,26.9625,10-17,27.8325,29.5112068965517,30.42,0.908793103448275,14,93,2.178936,0,27.8325,290,0.0
291,2037,10,2003-10-18,2003,18,25.9571428571429,10-18,26.8271428571429,29.5112068965517,29.62,0.108793103448278,14,93,2.178936,0,26.8271428571429,291,0.0
292,2037,10,2003-10-19,2003,19,25.25,10-19,26.12,29.5112068965517,27.62,-1.89120689655172,14,93,2.178936,0,26.12,292,0.0
293,2037,10,2003-10-20,2003,20,26.1875,10-20,27.0575,29.5112068965517,29.32,-0.191206896551723,14,93,2.178936,0,27.0575,293,0.0
294,2037,10,2003-10-21,2003,21,26.9625,10-21,27.8325,29.5112068965517,30.62,1.10879310344828,14,93,2.178936,0,30.011436,294,2.178936
295,2037,10,2003-10-22,2003,22,26.8142857142857,10-22,27.6842857142857,29.5112068965517,30.12,0.608793103448278,14,93,2.178936,0,29.8632217142857,295,2.178936
296,2037,10,2003-10-23,2003,23,26.6428571428571,10-23,27.5128571428571,29.5112068965517,30.42,0.908793103448275,14,93,2.178936,0,29.6917931428571,296,2.178936
297,2037,10,2003-10-24,2003,24,26.7625,10-24,27.6325,29.5112068965517,30.52,1.00879310344828,14,93,2.178936,0,27.6325,297,0.0
298,2037,10,2003-10-25,2003,25,25.925,10-25,26.795,29.5112068965517,30.32,0.808793103448277,14,93,2.178936,0,26.795,298,0.0
299,2037,10,2003-10-26,2003,26,26.4125,10-26,27.2825,29.5112068965517,30.72,1.20879310344828,14,93,2.178936,0,27.2825,299,0.0
300,2037,10,2003-10-27,2003,27,27.2142857142857,10-27,28.0842857142857,29.5112068965517,30.82,1.30879310344828,14,93,2.178936,0,28.0842857142857,300,0.0
301,2037,10,2003-10-28,2003,28,26.0125,10-28,26.8825,29.5112068965517,29.42,-0.091206896551725,14,93,2.178936,0,26.8825,301,0.0
302,2037,10,2003-10-29,2003,29,26.4857142857143,10-29,27.3557142857143,29.5112068965517,30.32,0.808793103448277,14,93,2.178936,0,27.3557142857143,302,0.0
303,2037,10,2003-10-30,2003,30,27.4166666666667,10-30,28.2866666666667,29.5112068965517,30.02,0.508793103448276,14,93,2.178936,0,28.2866666666667,303,0.0
304,2037,10,2003-10-31,2003,31,26.5714285714286,10-31,27.4414285714286,29.5112068965517,29.92,0.408793103448275,14,93,2.178936,0,27.4414285714286,304,0.0
305,2037,11,2003-11-01,2003,1,25.95,11-01,26.85,28.1396205357143,29.77,1.63037946428572,14,93,2.178936,0,26.85,305,0.0
306,2037,11,2003-11-02,2003,2,26.525,11-02,27.425,28.1396205357143,29.97,1.83037946428572,14,93,2.178936,0,27.425,306,0.0
307,2037,11,2003-11-03,2003,3,26.2,11-03,27.1,28.1396205357143,29.67,1.53037946428572,14,93,2.178936,0,27.1,307,0.0
308,2037,11,2003-11-04,2003,4,25.6857142857143,11-04,26.5857142857143,28.1396205357143,30.27,2.13037946428572,14,93,2.178936,0,26.5857142857143,308,0.0
309,2037,11,2003-11-05,2003,5,26.4125,11-05,27.3125,28.1396205357143,30.77,2.63037946428572,14,93,2.178936,0,27.3125,309,0.0
310,2037,11,2003-11-06,2003,6,26.175,11-06,27.075,28.1396205357143,29.47,1.33037946428572,14,93,2.178936,0,27.075,310,0.0
311,2037,11,2003-11-07,2003,7,26.725,11-07,27.625,28.1396205357143,29.97,1.83037946428572,14,93,2.178936,0,27.625,311,0.0
312,2037,11,2003-11-08,2003,8,26.6875,11-08,27.5875,28.1396205357143,29.87,1.73037946428571,14,93,2.178936,0,27.5875,312,0.0
313,2037,11,2003-11-09,2003,9,27.2125,11-09,28.1125,28.1396205357143,30.97,2.83037946428572,14,93,2.178936,0,28.1125,313,0.0
314,2037,11,2003-11-10,2003,10,27.925,11-10,28.825,28.1396205357143,30.97,2.83037946428572,14,93,2.178936,0,31.003936,314,2.178936
315,2037,11,2003-11-11,2003,11,27.9125,11-11,28.8125,28.1396205357143,30.77,2.63037946428572,14,93,2.178936,0,30.991436,315,2.178936
316,2037,11,2003-11-12,2003,12,26.2625,11-12,27.1625,28.1396205357143,28.67,0.530379464285716,14,93,2.178936,0,29.341436,316,2.178936
317,2037,11,2003-11-13,2003,13,24.9142857142857,11-13,25.8142857142857,28.1396205357143,27.27,-0.869620535714283,14,93,2.178936,0,25.8142857142857,317,0.0
318,2037,11,2003-11-14,2003,14,25.95,11-14,26.85,28.1396205357143,28.67,0.530379464285716,14,93,2.178936,0,26.85,318,0.0
319,2037,11,2003-11-15,2003,15,26.2,11-15,27.1,28.1396205357143,30.47,2.33037946428572,14,93,2.178936,0,27.1,319,0.0
320,2037,11,2003-11-16,2003,16,26.0,11-16,26.9,28.1396205357143,30.97,2.83037946428572,14,93,2.178936,0,26.9,320,0.0
321,2037,11,2003-11-17,2003,17,27.5625,11-17,28.4625,28.1396205357143,31.37,3.23037946428571,14,93,2.178936,0,30.641436,321,2.178936
322,2037,11,2003-11-18,2003,18,27.375,11-18,28.275,28.1396205357143,30.87,2.73037946428571,14,93,2.178936,0,30.453936,322,2.178936
323,2037,11,2003-11-19,2003,19,26.7625,11-19,27.6625,28.1396205357143,30.87,2.73037946428571,14,93,2.178936,0,29.841436,323,2.178936
324,2037,11,2003-11-20,2003,20,26.175,11-20,27.075,28.1396205357143,30.07,1.93037946428572,14,93,2.178936,0,27.075,324,0.0
325,2037,11,2003-11-21,2003,21,26.9,11-21,27.8,28.1396205357143,30.07,1.93037946428572,14,93,2.178936,0,27.8,325,0.0
326,2037,11,2003-11-22,2003,22,25.7875,11-22,26.6875,28.1396205357143,29.57,1.43037946428572,14,93,2.178936,0,26.6875,326,0.0
327,2037,11,2003-11-23,2003,23,25.0142857142857,11-23,25.9142857142857,28.1396205357143,27.47,-0.669620535714284,14,93,2.178936,0,25.9142857142857,327,0.0
328,2037,11,2003-11-24,2003,24,26.7625,11-24,27.6625,28.1396205357143,29.57,1.43037946428572,14,93,2.178936,0,27.6625,328,0.0
329,2037,11,2003-11-25,2003,25,27.1625,11-25,28.0625,28.1396205357143,30.67,2.53037946428572,14,93,2.178936,0,28.0625,329,0.0
330,2037,11,2003-11-26,2003,26,27.8571428571429,11-26,28.7571428571429,28.1396205357143,30.67,2.53037946428572,14,93,2.178936,0,28.7571428571429,330,0.0
331,2037,11,2003-11-27,2003,27,24.85,11-27,25.75,28.1396205357143,27.67,-0.469620535714284,14,93,2.178936,0,25.75,331,0.0
332,2037,11,2003-11-28,2003,28,25.4,11-28,26.3,28.1396205357143,28.87,0.730379464285715,14,93,2.178936,0,26.3,332,0.0
333,2037,11,2003-11-29,2003,29,25.3,11-29,26.2,28.1396205357143,27.27,-0.869620535714283,14,93,2.178936,0,26.2,333,0.0
334,2037,11,2003-11-30,2003,30,24.325,11-30,25.225,28.1396205357143,28.67,0.530379464285716,14,93,2.178936,0,25.225,334,0.0
335,2037,12,2003-12-01,2003,1,24.475,12-01,25.325,26.854476806904,28.93,2.07552319309601,14,93,2.178936,0,25.325,335,0.0
336,2037,12,2003-12-02,2003,2,23.5625,12-02,24.4125,26.854476806904,27.73,0.875523193096008,14,93,2.178936,0,24.4125,336,0.0
337,2037,12,2003-12-03,2003,3,23.5625,12-03,24.4125,26.854476806904,25.83,-1.02447680690399,14,93,2.178936,0,24.4125,337,0.0
338,2037,12,2003-12-04,2003,4,24.775,12-04,25.625,26.854476806904,28.13,1.27552319309601,14,93,2.178936,0,25.625,338,0.0
339,2037,12,2003-12-05,2003,5,25.1125,12-05,25.9625,26.854476806904,28.03,1.17552319309601,14,93,2.178936,0,25.9625,339,0.0
340,2037,12,2003-12-06,2003,6,24.9625,12-06,25.8125,26.854476806904,29.53,2.67552319309601,14,93,2.178936,0,25.8125,340,0.0
341,2037,12,2003-12-07,2003,7,24.7875,12-07,25.6375,26.854476806904,29.73,2.87552319309601,14,93,2.178936,0,25.6375,341,0.0
342,2037,12,2003-12-08,2003,8,25.775,12-08,26.625,26.854476806904,28.63,1.77552319309601,14,93,2.178936,0,26.625,342,0.0
343,2037,12,2003-12-09,2003,9,25.15,12-09,26.0,26.854476806904,26.83,-0.0244768069039907,14,93,2.178936,0,28.178936,343,2.178936
344,2037,12,2003-12-10,2003,10,25.675,12-10,26.525,26.854476806904,27.93,1.07552319309601,14,93,2.178936,0,28.703936,344,2.178936
345,2037,12,2003-12-11,2003,11,26.1,12-11,26.95,26.854476806904,28.93,2.07552319309601,14,93,2.178936,0,29.128936,345,2.178936
346,2037,12,2003-12-12,2003,12,25.3285714285714,12-12,26.1785714285714,26.854476806904,26.93,0.0755231930960107,14,93,2.178936,0,26.1785714285714,346,0.0
347,2037,12,2003-12-13,2003,13,24.6833333333333,12-13,25.5333333333333,26.854476806904,26.13,-0.72447680690399,14,93,2.178936,0,25.5333333333333,347,0.0
348,2037,12,2003-12-14,2003,14,24.175,12-14,25.025,26.854476806904,27.63,0.77552319309601,14,93,2.178936,0,27.203936,348,2.178936
349,2037,12,2003-12-15,2003,15,24.4875,12-15,25.3375,26.854476806904,27.43,0.575523193096011,14,93,2.178936,0,27.516436,349,2.178936
350,2037,12,2003-12-16,2003,16,23.325,12-16,24.175,26.854476806904,25.53,-1.32447680690399,14,93,2.178936,0,26.353936,350,2.178936
351,2037,12,2003-12-17,2003,17,23.1142857142857,12-17,23.9642857142857,26.854476806904,25.73,-1.12447680690399,14,93,2.178936,0,23.9642857142857,351,0.0
352,2037,12,2003-12-18,2003,18,23.525,12-18,24.375,26.854476806904,25.83,-1.02447680690399,14,93,2.178936,0,26.553936,352,2.178936
353,2037,12,2003-12-19,2003,19,24.525,12-19,25.375,26.854476806904,25.63,-1.22447680690399,14,93,2.178936,0,27.553936,353,2.178936
354,2037,12,2003-12-20,2003,20,24.525,12-20,25.375,26.854476806904,25.63,-1.22447680690399,14,93,2.178936,0,27.553936,354,2.178936
355,2037,12,2003-12-21,2003,21,22.85,12-21,23.7,26.854476806904,26.03,-0.824476806903991,14,93,2.178936,0,23.7,355,0.0
356,2037,12,2003-12-22,2003,22,23.4285714285714,12-22,24.2785714285714,26.854476806904,26.93,0.0755231930960107,14,93,2.178936,0,24.2785714285714,356,0.0
357,2037,12,2003-12-23,2003,23,23.725,12-23,24.575,26.854476806904,26.73,-0.124476806903992,14,93,2.178936,0,24.575,357,0.0
358,2037,12,2003-12-24,2003,24,23.4,12-24,24.25,26.854476806904,27.23,0.375523193096008,14,93,2.178936,0,26.428936,358,2.178936
359,2037,12,2003-12-25,2003,25,24.0833333333333,12-25,24.9333333333333,26.854476806904,26.83,-0.0244768069039907,14,93,2.178936,0,27.112269333333302,359,2.178936
360,2037,12,2003-12-26,2003,26,24.3,12-26,25.15,26.854476806904,26.33,-0.524476806903991,14,93,2.178936,0,27.328936,360,2.178936
361,2037,12,2003-12-27,2003,27,24.4625,12-27,25.3125,26.854476806904,26.13,-0.72447680690399,14,93,2.178936,0,25.3125,361,0.0
362,2037,12,2003-12-28,2003,28,23.95,12-28,24.8,26.854476806904,26.03,-0.824476806903991,14,93,2.178936,0,24.8,362,0.0
363,2037,12,2003-12-29,2003,29,23.6571428571429,12-29,24.5071428571429,26.854476806904,26.53,-0.324476806903991,14,93,2.178936,0,24.5071428571429,363,0.0
364,2037,12,2003-12-30,2003,30,24.475,12-30,25.325,26.854476806904,27.13,0.27552319309601,14,93,2.178936,0,25.325,364,0.0
365,2037,12,2003-12-31,2003,31,24.4142857142857,12-31,25.2642857142857,26.854476806904,27.13,0.27552319309601,14,93,2.178936,0,25.2642857142857,365,0.0
